YBP;Acacia;Acalypha;Alchemilla;Allophylus;Aloe;Anthospermum;Apiaceae;Artemisia;Aster;Asteraceae;Brassicaceae;Capparidaceae;Carduus;Caryophylaceae;Cassia;Chenopodiaceae;Clematis;Combretum;Commiphora;Cussonia;Dobera;Dodonaea;Ephedra;Erica;Euclea;Euphorbiaceae;Ficus;Hagenia;Hypericum;Hypoestes;Iridaceae;Juniperus;Justicia;Lamiaceae;Lannea;Leguminosae;Macaranga;Maytenus;Melastomataceae;Monoletes;Myrica;Myrsine;Olea;Poaceae;Podocarpus;Polygonum;Rapanea;Rhus;Rosa;Rumex;Schefflera;Securinega;Senecio;Solanum;Teclea;Urticaceae;Zanthoxylum;Undetermined
94;0;0;10;0;0;3;3;3;2;36;0;0;26;1;0;14;2;3;5;5;1;2;1;5;0;0;0;16;4;0;0;142;1;0;2;5;0;1;0;0;5;1;8;107;60;2;2;2;1;9;0;0;4;1;0;6;2;3
170;0;0;10;0;0;4;4;3;0;44;0;0;26;3;0;19;0;5;2;1;0;10;0;8;0;0;0;32;5;0;3;140;0;4;2;5;4;2;0;3;4;0;43;129;60;3;0;2;0;9;0;0;5;2;0;3;0;5
228;0;0;4;0;0;7;4;0;1;22;2;0;28;4;0;14;0;3;2;5;0;19;0;7;0;0;1;26;2;0;2;156;0;4;4;4;0;1;2;2;2;1;10;99;77;4;1;0;3;12;0;1;2;1;0;4;0;5
265;0;0;10;0;1;9;3;4;0;12;1;0;19;4;0;5;0;2;1;3;0;14;0;14;0;0;0;28;3;0;3;150;0;0;0;1;2;0;0;2;5;2;22;121;89;5;0;3;0;11;0;0;5;1;0;1;0;1
304;0;0;2;0;1;6;3;4;0;17;2;0;16;4;0;3;0;2;1;1;0;16;0;20;0;0;0;20;5;0;4;137;0;1;4;2;2;0;1;1;5;2;26;228;57;0;1;3;0;8;0;0;2;1;0;5;0;5
436;0;0;0;0;2;6;8;0;1;14;2;0;26;2;1;1;0;4;3;0;0;16;0;34;0;0;0;18;4;0;2;176;2;4;1;0;1;0;0;5;5;0;30;195;92;3;2;0;0;11;0;0;1;0;0;5;0;2
473;0;2;10;0;1;5;2;2;0;10;2;1;27;3;0;2;0;5;4;5;0;16;0;19;1;1;0;24;3;0;5;159;0;2;1;0;1;0;2;1;0;1;37;232;86;0;1;0;0;12;0;0;0;1;0;5;0;1
511;0;0;8;0;1;7;4;4;1;29;0;0;23;2;1;0;0;2;4;2;4;16;0;17;1;1;0;37;4;0;0;164;2;2;1;1;3;0;1;1;3;1;6;232;86;3;2;0;0;3;0;0;3;0;0;3;0;3
567;0;0;2;0;0;9;5;0;0;27;2;0;26;0;0;3;0;2;1;0;2;20;0;32;1;0;0;22;5;0;4;169;1;4;2;4;0;0;2;5;1;1;30;213;96;3;0;0;3;5;0;0;1;0;0;2;0;4
605;0;0;7;0;2;3;0;2;0;36;1;0;23;5;2;3;0;2;0;4;1;17;0;28;1;0;0;18;3;0;5;144;2;3;0;4;2;1;1;2;2;0;42;217;98;1;0;0;0;4;0;0;0;0;0;3;0;5
679;0;0;10;0;1;1;3;3;1;10;1;0;19;0;0;0;0;5;3;4;2;14;0;44;0;0;1;22;5;0;3;144;0;4;3;2;3;0;2;2;0;1;36;235;63;4;0;0;0;0;0;0;0;0;0;3;0;1
714;0;0;5;0;2;9;1;1;1;21;0;0;23;0;0;3;0;2;1;5;1;16;0;54;0;0;0;15;4;0;2;167;0;2;0;3;4;0;1;1;2;1;27;188;65;2;0;0;0;5;0;0;4;0;0;7;0;1
746;0;0;1;0;0;7;1;1;2;19;1;0;26;2;0;5;0;3;4;5;1;29;0;65;0;0;0;19;5;0;0;155;0;5;2;2;4;0;2;4;1;0;30;237;84;4;2;2;2;3;0;0;4;0;0;2;0;3
763;0;0;4;0;0;6;7;2;0;22;1;0;17;0;0;4;0;4;3;5;5;25;0;112;0;0;0;37;3;0;3;138;0;3;0;3;2;0;1;3;3;1;31;181;71;5;0;2;0;0;0;0;1;2;1;2;0;4
798;0;0;3;0;0;1;3;2;2;8;2;0;16;3;1;6;0;3;2;3;1;26;0;67;0;0;0;15;4;0;0;159;1;0;1;4;1;0;2;0;2;1;9;108;69;3;2;0;0;5;0;0;2;1;0;2;1;0
925;0;0;8;0;2;0;8;2;0;18;2;0;19;0;0;13;0;2;2;0;3;27;0;47;0;0;0;25;2;0;1;151;2;3;1;5;3;0;1;3;5;2;47;112;58;3;1;1;0;5;0;0;0;0;0;5;0;3
976;0;0;1;0;0;1;3;4;2;22;0;0;28;0;0;14;0;4;3;0;2;26;1;32;0;0;0;34;3;0;3;168;1;4;5;0;1;0;0;2;5;1;0;124;54;5;2;1;2;5;0;0;0;0;0;8;0;3
993;0;0;10;0;1;3;4;3;0;12;1;0;22;4;0;9;0;3;1;3;2;25;0;40;0;0;0;22;5;0;1;24;2;2;2;2;5;0;0;1;2;0;42;109;66;4;2;1;0;2;0;0;3;0;0;3;0;3
1043;0;0;9;0;0;7;5;1;1;29;2;0;25;3;0;11;0;2;3;1;1;28;0;48;0;0;0;10;1;0;4;15;2;0;2;4;5;0;2;2;0;0;10;123;76;4;0;1;0;4;0;0;3;0;0;4;0;3
1093;0;0;10;0;1;3;5;0;0;27;0;0;22;5;0;13;0;1;4;1;0;9;0;25;0;4;0;26;2;0;1;14;2;2;0;0;0;2;0;1;0;1;2;114;78;4;1;2;0;0;0;0;1;0;0;8;0;3
1140;0;0;12;0;0;9;1;1;0;15;2;0;19;4;0;8;0;2;5;0;2;7;0;24;0;0;0;34;4;0;3;24;2;2;0;1;3;0;2;4;0;0;15;119;65;5;1;1;1;1;0;0;1;1;0;5;0;4
1187;3;0;10;0;2;10;3;5;1;15;0;0;22;0;2;5;0;0;1;0;0;5;2;36;0;0;0;21;3;0;1;24;1;2;0;1;0;0;2;0;2;1;12;114;89;4;1;2;0;5;0;0;4;2;0;3;0;5
1263;2;0;19;0;1;9;5;4;1;10;1;0;17;2;0;6;0;3;2;0;0;6;0;48;0;0;0;11;4;0;5;24;0;5;1;3;0;0;1;2;0;1;8;104;52;3;2;3;0;5;0;0;1;0;0;2;0;3
1388;2;0;21;0;2;0;3;5;1;20;1;0;23;5;0;4;0;5;2;0;0;8;0;22;0;0;0;19;5;0;5;14;1;0;0;4;0;2;2;5;5;1;4;108;55;0;0;1;0;4;0;0;2;0;0;1;0;2
1444;0;1;18;0;2;2;4;3;1;3;1;0;27;0;0;3;0;5;4;0;0;10;2;18;0;0;0;11;3;0;4;17;1;4;0;3;0;0;0;3;4;2;7;79;56;5;0;3;0;0;0;0;5;0;0;3;0;0
1524;0;0;5;0;2;6;3;4;0;21;2;0;27;3;0;4;0;3;2;0;0;8;0;34;0;0;0;25;2;0;4;25;0;4;0;3;0;0;0;4;4;2;3;75;50;1;0;2;0;4;0;0;2;0;0;2;0;5
1574;0;0;12;0;1;9;8;1;1;23;0;1;22;0;0;2;0;2;4;0;0;9;0;33;0;0;1;29;1;0;0;17;2;4;0;4;0;0;2;4;1;1;6;82;51;1;1;1;0;3;0;0;1;1;0;1;2;3
1630;0;0;11;0;2;3;0;5;1;27;0;0;19;5;0;3;0;0;0;2;0;8;0;25;0;0;0;33;3;0;4;19;0;1;0;5;1;0;0;2;0;0;4;85;50;1;1;1;0;5;0;0;5;0;0;4;1;1
1659;0;0;1;0;1;10;1;0;0;16;1;0;25;5;0;1;0;3;1;0;0;7;1;37;0;0;0;17;4;0;5;18;0;5;0;3;0;0;0;2;5;1;8;114;92;1;0;0;0;2;0;0;0;0;0;5;0;5
1672;0;0;7;0;2;10;2;4;0;4;1;0;27;0;0;7;0;3;2;0;0;5;0;39;0;1;0;39;2;0;3;18;0;0;0;0;0;0;2;2;2;2;1;111;53;1;1;0;1;2;0;0;4;0;0;4;0;5
1701;0;0;11;0;1;4;8;3;2;10;2;0;16;1;0;8;0;2;1;0;0;8;0;31;0;0;0;39;4;0;5;40;0;5;0;3;0;1;1;0;4;2;8;91;87;2;1;0;0;4;0;0;5;0;0;3;0;5
1734;0;0;0;0;2;8;10;3;0;7;2;0;18;2;0;7;0;0;1;0;0;7;0;17;0;0;0;19;3;0;0;70;2;1;0;4;0;0;2;3;1;0;6;83;68;0;0;0;0;0;0;0;5;0;0;4;0;5
1778;0;0;3;0;0;2;3;2;0;15;2;0;18;0;0;6;0;3;5;0;0;7;0;42;0;0;0;17;2;0;5;73;2;3;0;2;0;1;0;0;0;1;3;92;67;0;1;0;0;4;0;0;1;0;0;0;0;0
1855;0;0;7;0;1;7;3;2;0;14;1;0;26;5;0;5;0;7;4;0;0;7;0;38;0;1;0;22;3;0;1;63;2;2;0;3;0;0;2;1;0;1;16;92;64;0;1;0;0;0;0;0;1;0;0;0;0;1
1934;0;0;1;0;2;10;10;5;1;6;1;0;20;0;0;5;1;8;1;0;0;5;0;25;0;0;0;30;3;0;3;40;2;3;0;5;0;0;2;5;0;0;15;69;84;1;1;0;0;0;0;0;0;0;0;0;0;5
1996;0;0;7;0;0;3;3;0;1;20;0;2;18;2;0;7;1;7;2;0;0;9;2;4;0;0;0;28;4;0;2;52;1;1;0;4;0;0;1;5;2;2;16;70;64;0;0;0;0;0;0;0;2;0;0;0;0;5
2011;0;0;6;0;0;2;1;3;2;15;2;0;26;0;0;7;0;9;1;0;0;5;0;10;0;0;1;22;4;0;2;51;1;4;0;1;0;0;1;4;1;2;11;69;79;2;1;0;0;0;0;0;0;0;0;0;0;1
2057;0;0;12;0;2;6;0;3;2;8;1;0;21;2;0;7;1;8;0;0;0;10;0;72;0;0;0;27;3;0;0;63;1;1;0;5;0;0;0;0;3;1;12;65;68;2;1;2;0;0;0;0;0;0;0;0;0;4
2069;0;0;9;0;1;5;8;0;1;17;2;0;20;3;0;5;0;5;0;0;0;7;0;56;0;0;0;31;4;0;5;61;1;4;0;2;0;0;0;3;1;0;20;59;86;0;1;1;0;0;0;0;3;1;0;0;0;2
2083;0;0;3;0;0;3;3;0;2;20;0;0;19;0;0;5;1;7;0;0;0;10;0;30;0;0;0;40;5;0;1;60;0;3;0;4;0;0;2;3;2;1;15;75;91;0;1;0;0;0;0;0;5;0;0;2;0;3
2097;0;0;3;0;0;6;0;2;2;12;2;0;24;1;1;5;1;7;0;0;0;6;2;11;0;2;0;29;5;0;3;77;0;4;0;5;0;1;0;5;0;1;17;73;96;0;1;0;0;0;0;0;0;0;0;1;0;0
2111;0;0;9;0;0;0;6;3;1;23;1;0;4;2;0;5;0;7;0;0;0;5;0;13;0;0;0;29;1;0;2;81;2;2;0;1;0;0;2;0;3;1;18;58;83;0;0;1;0;0;0;0;0;2;0;0;1;3
2125;0;0;11;0;0;7;4;1;2;8;0;0;4;2;0;8;0;10;0;0;0;7;1;36;0;0;0;29;5;0;1;41;1;3;0;0;0;0;2;5;2;0;11;34;87;0;1;1;0;0;0;0;1;0;0;0;0;5
2139;0;0;7;0;0;3;9;0;1;6;1;1;2;5;0;8;0;8;0;0;0;7;0;28;0;0;0;22;1;0;5;62;2;4;0;3;0;0;2;5;4;0;18;86;95;0;1;0;0;0;0;0;2;0;0;2;0;1
2151;0;0;8;0;0;2;9;0;1;23;1;2;0;1;0;5;0;10;0;0;0;9;0;17;0;0;0;16;2;0;4;90;1;2;0;3;0;0;2;4;5;0;19;68;85;0;2;0;0;0;0;0;3;0;0;0;0;0
2166;0;0;5;0;0;9;2;4;2;7;1;1;4;2;0;5;0;8;0;0;0;7;0;21;0;0;0;40;2;0;0;92;1;2;0;4;0;2;1;2;1;2;10;31;83;0;2;1;2;0;0;0;0;0;0;0;0;1
2180;0;1;4;0;0;3;5;3;2;23;0;0;3;5;0;7;0;7;1;0;0;8;0;15;0;0;1;30;1;0;4;107;0;0;0;3;0;0;1;3;2;2;20;68;82;0;0;0;0;0;0;0;2;0;0;0;0;4
2195;0;0;1;0;0;2;8;5;0;21;0;0;0;2;0;4;0;5;0;0;0;9;1;2;0;0;0;20;4;1;1;109;0;0;0;5;0;0;1;0;0;2;18;62;97;0;1;0;0;0;0;0;2;0;0;1;0;5
2211;0;0;12;0;2;0;8;4;0;13;2;0;5;2;0;7;0;9;0;0;0;7;0;4;0;1;1;20;2;0;4;100;2;4;0;2;0;0;0;5;5;2;20;73;86;0;1;1;0;0;0;0;0;0;0;3;0;3
2226;0;0;3;0;1;8;2;0;2;11;2;0;4;3;0;5;0;6;0;0;0;10;0;15;0;0;2;37;4;0;4;99;0;3;0;3;0;3;0;5;3;2;15;24;89;0;2;1;0;0;0;0;3;1;0;0;0;1
2242;0;0;2;0;0;8;10;0;2;5;0;0;4;5;0;5;0;10;0;0;0;6;0;32;0;0;1;26;4;0;4;100;2;1;0;0;0;0;0;1;3;0;20;30;80;0;2;1;0;0;0;0;1;1;0;4;0;4
2316;0;0;8;0;0;11;12;1;1;10;0;0;4;4;0;4;0;8;0;0;0;10;0;5;0;0;0;31;1;0;4;98;0;0;0;5;0;0;0;2;5;0;10;45;81;0;1;1;0;0;1;0;1;1;0;0;0;2
2409;0;0;5;0;0;2;0;4;1;16;1;0;1;0;0;7;0;8;0;0;0;6;1;10;0;0;0;19;4;0;1;105;2;0;0;2;0;0;0;2;0;0;18;90;86;0;2;0;0;0;0;0;3;1;0;0;0;0
2505;0;0;12;0;0;10;2;4;0;12;1;0;5;4;0;5;0;8;0;0;0;5;0;8;0;0;0;23;1;0;2;104;1;3;0;5;0;0;0;3;5;0;13;31;82;0;1;1;0;0;0;0;2;0;0;0;0;4
2631;0;0;8;0;0;5;0;0;0;11;2;0;2;1;0;6;0;11;0;0;0;5;0;19;0;1;0;28;3;0;1;110;0;5;0;2;0;0;0;4;4;2;20;94;54;0;2;0;0;0;0;0;5;0;0;0;0;5
2723;0;0;3;0;0;9;13;4;1;13;2;0;4;3;0;6;0;13;0;0;0;10;0;14;0;1;2;35;5;0;2;92;1;5;0;2;0;0;0;4;4;1;17;72;40;0;0;0;0;0;0;0;4;0;0;0;1;5
2787;0;0;1;0;0;0;1;3;0;9;1;2;4;1;0;7;0;11;0;0;0;7;0;9;0;0;0;14;1;0;1;27;1;5;0;3;0;0;0;4;5;2;15;40;54;0;1;0;0;0;0;0;5;0;0;0;0;1
2820;0;0;9;0;0;7;3;4;0;18;2;2;0;2;0;4;0;12;0;0;0;9;0;12;0;0;0;37;2;0;0;57;2;0;0;5;0;0;0;0;5;1;16;64;38;0;2;1;0;0;0;0;0;0;0;0;0;3
2867;0;0;8;0;0;12;3;1;1;23;0;2;2;1;0;5;0;13;0;0;0;7;0;21;0;0;0;18;5;0;3;59;0;3;0;1;0;0;0;0;3;2;14;70;51;0;1;1;1;0;0;0;5;0;1;0;0;4
2948;0;0;12;0;1;8;10;4;0;17;0;1;2;2;0;4;0;12;0;0;0;5;2;32;0;0;0;16;1;0;1;24;0;3;0;5;0;0;0;4;3;0;20;33;41;0;2;0;0;0;0;0;2;0;0;0;0;1
3067;0;0;2;2;2;9;4;0;0;19;2;1;5;1;0;4;0;14;0;0;0;9;0;26;0;0;0;15;4;1;1;23;2;3;0;1;0;0;0;4;2;0;13;94;32;0;1;0;0;0;1;0;5;0;0;0;0;1
3273;0;0;0;4;0;2;11;2;1;22;0;2;5;3;0;8;0;14;0;0;0;5;0;14;0;0;0;17;1;0;1;31;2;0;0;4;0;0;0;4;5;1;11;78;36;0;1;1;0;0;0;0;0;0;0;0;0;0
3402;0;0;1;5;0;3;9;4;1;12;0;1;0;1;0;4;0;12;0;0;0;10;0;18;0;0;0;18;1;0;0;35;0;5;0;4;0;0;0;0;3;1;18;68;44;0;1;1;0;0;0;0;4;0;0;0;0;5
3450;0;0;4;2;0;6;3;0;1;24;2;2;0;2;0;6;0;11;0;0;0;5;1;21;0;0;0;18;2;0;5;28;1;1;0;4;0;0;0;4;0;0;21;62;60;0;1;1;0;0;1;0;3;0;0;0;0;3
3485;0;0;12;1;0;9;3;2;1;25;2;1;0;4;0;5;0;14;0;0;0;10;0;36;0;0;0;19;7;0;0;21;2;3;0;5;0;0;0;0;3;1;14;67;47;0;2;0;1;0;0;0;3;0;0;0;0;0
3536;0;0;7;2;0;3;1;4;0;5;0;0;0;1;0;5;0;11;0;0;0;7;0;10;0;0;0;12;1;0;3;59;2;4;0;1;0;0;0;5;2;2;14;79;48;0;0;1;2;0;0;0;0;0;0;0;0;1
3575;0;1;9;1;0;6;1;2;0;4;0;0;0;2;0;8;0;10;0;0;0;9;0;8;0;0;0;20;2;0;1;39;0;5;0;0;0;0;0;1;2;1;19;79;32;0;2;1;1;0;0;0;0;0;0;1;0;1
3622;0;0;9;5;1;9;11;2;1;20;1;0;0;3;0;5;0;15;0;0;0;8;5;5;0;1;0;15;2;0;2;45;0;0;0;0;0;0;0;1;2;0;18;106;52;0;0;1;1;0;0;0;4;0;0;0;0;1
3665;0;0;11;2;0;0;12;3;0;7;1;0;0;0;0;4;0;11;0;0;0;9;0;10;0;0;0;13;4;0;5;48;1;4;0;0;0;0;0;4;0;1;20;92;49;0;0;0;1;0;0;1;2;0;0;0;0;2
3760;0;0;5;0;0;0;5;24;2;10;1;0;0;2;0;6;0;12;0;0;0;6;0;22;0;0;0;4;1;0;1;51;1;1;0;2;0;0;0;1;3;1;20;93;111;0;0;0;1;0;1;0;3;0;0;0;0;4
3864;0;0;10;0;0;0;2;21;1;11;1;0;0;3;0;4;0;12;0;0;0;10;0;38;0;0;0;3;5;0;2;40;0;5;0;4;0;0;0;5;2;0;13;105;113;0;1;1;0;0;0;0;0;0;0;0;0;5
3933;0;0;7;0;0;9;6;25;0;31;0;0;0;4;1;5;0;13;0;0;0;9;2;27;0;1;0;2;3;0;5;21;0;0;0;1;0;0;0;2;2;1;20;109;115;0;0;1;0;0;0;0;1;0;0;0;0;2
4005;0;0;0;0;0;7;7;15;1;20;2;0;0;0;0;5;0;12;0;0;0;7;3;49;0;0;0;0;3;0;5;60;1;1;0;2;0;0;0;3;3;1;17;265;86;0;1;0;0;0;0;0;3;0;0;0;2;2
4093;0;0;12;0;0;0;3;17;2;22;1;0;0;0;0;6;0;10;0;0;0;10;5;75;0;0;0;3;1;0;5;52;0;1;0;1;0;0;0;4;4;1;19;130;119;0;0;0;0;0;1;0;3;0;0;0;0;0
4244;0;0;2;0;0;8;9;19;2;17;2;1;0;0;0;8;0;7;1;0;0;7;5;94;0;0;0;4;0;0;3;39;1;3;0;3;0;0;0;3;5;1;17;274;104;0;1;1;0;0;0;0;4;0;0;0;0;4
4340;0;0;10;0;0;3;11;21;0;21;1;1;0;1;0;11;0;10;0;0;0;5;4;42;0;2;0;0;3;0;5;35;0;1;0;4;0;0;0;4;4;1;12;154;99;0;1;0;0;0;0;0;2;0;0;0;0;5
4473;0;0;6;0;0;0;10;19;2;9;1;0;0;0;0;6;0;10;0;0;0;9;1;15;0;0;0;1;2;0;1;3;2;0;0;5;0;0;0;4;3;1;15;186;87;0;1;1;0;0;0;0;4;0;0;0;0;4
4549;0;0;3;0;0;0;2;22;1;32;2;0;0;4;0;8;0;10;0;0;0;9;2;10;0;0;0;5;1;0;4;10;1;0;0;0;0;0;0;2;15;0;10;120;82;0;1;0;0;0;2;0;0;0;0;0;0;5
4657;0;0;1;0;2;5;9;22;2;11;2;0;0;2;0;14;0;10;0;0;0;5;3;17;0;0;0;4;5;0;5;6;0;1;0;2;0;0;0;2;13;0;10;88;96;0;1;0;0;0;1;0;0;0;0;1;0;2
4735;0;0;9;0;0;8;14;25;0;45;1;0;0;4;0;8;0;7;0;0;0;5;5;21;0;0;0;3;3;0;2;8;1;4;0;0;0;0;0;2;14;0;12;32;92;0;0;1;0;0;0;0;1;0;0;0;0;1
4841;0;0;12;0;0;9;2;17;2;9;1;0;0;1;0;3;0;9;0;0;0;9;5;37;0;0;0;5;0;0;5;8;1;1;0;3;0;0;0;5;15;0;12;108;100;0;1;0;0;0;0;0;2;0;0;0;0;5
4934;0;0;3;0;0;3;5;2;1;34;2;0;0;3;0;16;0;9;0;0;0;8;5;42;0;0;0;5;2;1;1;3;2;1;0;1;0;0;0;5;14;2;16;40;95;0;2;0;0;0;0;0;4;0;0;0;0;1
5047;2;0;3;0;0;4;14;2;0;38;0;0;0;3;0;21;0;3;0;0;0;5;0;50;0;0;0;1;4;0;1;7;1;1;0;2;0;0;0;1;10;1;8;109;108;0;2;1;0;0;0;0;1;0;0;0;0;3
5175;1;0;10;0;0;3;8;7;0;31;2;0;0;1;0;5;0;1;0;0;0;5;0;20;0;2;0;0;2;0;0;12;0;4;0;3;0;0;0;4;12;2;1;89;98;0;1;1;0;0;0;0;3;0;0;0;0;4
5335;2;1;0;0;0;7;4;0;0;36;1;0;0;4;0;12;0;3;0;0;0;2;0;37;0;0;0;2;0;0;0;15;0;1;0;1;0;0;0;3;5;2;2;59;105;0;1;1;0;0;0;0;5;0;0;0;0;5
5397;4;0;8;0;0;3;10;1;2;31;2;0;0;2;0;10;0;1;0;0;0;5;0;36;0;0;0;0;0;0;2;13;1;2;0;4;0;0;0;3;3;0;3;75;85;0;0;1;0;0;0;0;0;0;0;0;0;2
5471;5;0;4;0;0;6;14;6;1;32;2;0;0;0;0;10;0;3;0;0;0;3;0;41;0;1;0;3;0;0;2;5;0;3;0;5;0;0;0;2;4;0;4;169;62;0;1;0;0;0;0;0;2;0;0;0;0;1
5538;0;0;5;0;0;5;13;7;1;12;2;0;0;4;0;11;0;3;0;0;0;0;0;28;0;0;0;3;0;0;2;14;2;2;0;2;0;0;0;3;4;0;4;138;94;0;2;1;0;0;0;0;2;0;0;0;0;5
5610;0;0;7;0;0;7;8;7;1;22;0;0;0;1;0;4;0;1;0;0;0;5;0;53;0;0;0;0;2;0;2;11;0;3;0;4;0;0;0;5;4;2;5;133;97;0;0;1;0;0;0;0;0;0;0;0;3;4
5709;0;0;6;0;0;0;3;5;1;36;2;0;0;5;0;1;0;4;0;0;0;2;0;48;0;1;0;5;2;0;0;15;2;1;0;5;1;0;0;4;1;0;0;159;75;0;0;1;0;0;0;0;3;0;0;0;0;4
5807;0;0;9;0;0;2;7;9;2;43;0;0;0;3;0;3;0;2;0;0;0;2;0;36;0;0;0;4;5;0;0;33;0;4;0;5;0;0;0;4;1;1;5;122;45;0;2;0;1;0;0;0;1;0;0;0;0;5
5880;0;0;10;0;0;9;0;8;2;29;1;0;0;2;0;4;0;0;0;0;1;2;0;21;0;2;0;2;5;0;3;31;1;5;0;3;0;0;0;4;0;2;5;192;32;0;2;0;0;0;0;0;1;0;0;0;0;1
5948;0;0;4;0;0;6;7;5;2;35;0;0;0;1;0;0;0;5;0;0;0;1;0;57;0;2;0;0;2;0;1;30;2;3;0;2;0;0;0;1;3;2;0;186;24;0;1;0;0;0;0;0;3;0;0;1;0;2
6038;0;0;7;0;0;9;6;1;0;25;0;0;0;5;0;5;0;4;0;0;0;1;0;64;0;2;0;3;3;0;1;39;1;2;0;5;2;0;0;4;0;2;2;121;29;0;1;1;0;0;0;0;1;0;0;0;0;2
6106;0;0;2;0;0;5;6;7;0;10;1;0;0;4;0;1;0;3;0;0;0;1;0;48;0;0;0;1;1;0;4;26;2;0;0;0;0;0;0;2;0;2;5;170;28;0;2;1;0;0;0;0;4;0;0;0;0;0
6147;0;0;3;0;0;8;13;5;1;2;2;0;0;2;0;4;0;1;0;0;0;1;0;35;0;0;0;1;2;0;0;32;0;1;0;3;0;0;0;4;2;1;5;133;32;0;2;1;0;0;0;0;1;0;0;0;0;5
6224;0;0;3;0;0;0;15;7;0;18;2;0;0;4;0;5;0;0;1;0;0;0;0;52;0;0;0;5;5;0;5;33;1;4;1;3;0;0;0;4;3;0;1;210;22;0;2;1;0;0;0;1;1;0;0;0;0;2
6280;0;0;11;0;0;12;4;8;0;31;1;0;0;0;0;0;0;2;0;2;0;1;0;69;0;0;0;5;1;0;4;36;1;5;0;4;0;0;0;5;1;2;0;174;29;0;0;0;0;0;0;1;2;0;0;0;3;3
6333;0;0;2;0;0;23;8;9;2;25;1;0;0;1;0;4;0;1;0;0;0;0;0;54;0;0;0;3;1;0;3;39;0;1;1;0;0;0;0;4;1;0;4;144;27;0;0;1;0;0;1;0;4;0;0;0;2;4
6365;0;0;11;0;0;18;4;1;1;25;2;0;0;1;0;1;1;3;0;0;0;0;0;48;0;0;0;4;5;0;2;23;0;3;0;0;0;0;0;4;3;0;0;208;21;0;0;1;0;0;0;0;2;0;0;0;1;2
6399;0;2;4;0;0;10;13;0;0;32;2;0;0;0;0;3;0;5;0;0;0;0;0;69;0;0;0;4;2;0;1;20;2;0;0;3;0;0;0;0;5;1;4;124;32;0;2;1;0;0;0;0;1;0;0;0;0;4
6456;0;0;1;0;0;11;9;3;2;38;0;0;0;2;0;5;0;4;2;0;0;2;0;86;0;0;0;2;5;0;0;16;0;4;0;2;0;0;0;3;5;1;1;127;25;0;2;1;0;0;0;0;4;0;0;0;0;2
6524;0;0;10;0;0;14;7;4;0;12;2;0;0;2;1;5;0;2;5;0;0;1;0;185;0;1;0;3;5;0;4;26;1;5;0;2;0;0;0;4;4;2;2;143;30;0;0;0;0;0;0;0;1;0;0;0;0;1
6560;0;0;9;0;0;6;1;7;1;17;0;0;0;4;0;1;0;5;2;0;0;2;0;105;0;2;0;0;1;0;4;32;1;1;2;4;0;0;1;1;0;0;3;104;37;0;0;0;0;0;0;0;4;0;0;0;0;0
6616;0;0;12;0;0;7;3;5;1;15;1;0;0;5;0;0;0;2;4;0;0;1;0;78;0;2;0;1;1;0;4;20;2;0;0;0;0;0;0;0;1;2;1;64;20;0;0;0;0;0;0;0;2;0;0;0;0;2
6644;0;0;6;0;0;13;9;9;1;7;0;0;0;5;0;1;0;0;0;0;0;0;0;114;0;0;0;0;1;0;5;26;1;2;0;2;0;0;0;5;2;1;1;90;28;0;0;0;0;0;0;0;3;0;2;0;0;1
6673;0;0;10;0;0;24;6;12;1;30;1;0;0;1;0;4;0;0;1;0;1;0;0;225;1;0;0;3;1;0;3;36;0;2;0;3;0;0;0;5;0;0;1;75;21;0;0;0;0;0;0;0;2;0;0;1;0;0
6702;0;0;2;0;0;9;7;4;2;29;1;1;0;0;0;1;1;2;2;0;0;0;0;48;1;0;0;4;4;0;3;28;0;5;0;3;0;0;0;4;3;1;1;95;36;0;0;0;0;0;0;0;2;0;0;0;0;0
6744;0;0;1;0;0;18;15;4;2;10;0;0;0;0;0;0;0;3;5;0;0;0;0;37;0;0;0;3;0;0;4;24;0;2;0;3;0;0;0;4;4;1;2;110;21;0;0;0;0;0;0;0;0;0;0;0;0;5
6801;0;0;5;0;0;8;6;1;1;36;0;0;0;2;0;1;0;1;0;0;0;0;0;42;1;0;0;5;2;0;4;21;1;3;0;0;0;0;0;2;4;1;0;112;40;0;0;1;0;0;0;0;4;0;0;0;0;4
6855;0;0;9;0;0;15;8;4;1;37;2;0;0;0;0;4;0;3;0;0;0;0;0;58;0;0;0;5;2;0;1;18;1;1;0;0;0;0;0;5;2;0;3;65;33;0;0;1;0;0;0;0;2;0;0;0;0;0
6908;0;0;1;0;0;8;3;0;0;33;1;0;0;3;0;0;0;2;4;0;0;0;0;36;2;0;0;5;4;0;1;25;2;4;1;5;0;0;0;1;1;2;1;113;20;0;0;0;0;0;0;1;2;0;1;0;0;5
6946;0;0;6;0;0;6;0;5;1;28;0;0;0;0;0;0;0;3;5;0;0;0;0;24;0;0;0;2;5;0;5;20;1;5;0;1;0;0;0;3;4;1;3;57;20;0;0;1;0;0;0;0;5;0;2;0;0;3
6994;0;0;5;0;0;25;13;0;1;31;0;0;0;4;0;4;0;5;4;0;0;0;0;13;1;1;0;3;4;0;5;24;1;3;0;1;1;0;0;4;1;1;1;108;14;0;0;0;0;0;0;0;2;0;2;0;1;1
7030;0;0;11;0;0;7;9;0;1;22;2;0;0;3;0;0;0;5;5;0;0;0;0;22;2;0;0;4;0;0;5;6;1;1;0;3;0;0;0;3;1;1;4;128;20;0;0;0;0;0;0;0;4;0;0;0;0;0
7055;0;0;7;0;0;22;12;5;1;33;1;0;0;4;0;2;0;1;2;0;0;0;0;30;3;1;0;0;0;0;4;5;2;4;0;2;0;0;0;4;5;2;4;82;14;0;1;0;0;0;0;0;1;0;0;0;0;1
7080;0;0;2;0;1;15;1;5;0;13;0;0;0;1;0;1;0;0;0;0;1;0;2;45;2;0;0;4;5;1;5;10;2;5;0;2;0;0;0;4;1;2;1;116;10;0;0;1;0;0;0;0;3;1;0;0;0;0
7157;0;0;3;0;0;11;11;5;0;7;1;0;0;5;2;1;0;2;4;0;0;0;5;150;0;0;0;0;1;0;2;7;2;2;0;0;0;0;0;4;2;1;5;189;18;0;0;0;0;0;0;0;3;0;0;0;0;2
7187;0;0;9;0;0;8;6;0;0;29;1;0;0;0;0;4;0;4;3;0;0;0;4;54;1;0;0;1;2;0;0;5;2;0;0;1;0;0;0;3;2;1;5;137;13;0;0;1;0;0;0;0;4;0;0;1;0;3
7269;0;0;9;0;0;23;9;3;0;8;2;0;0;4;1;2;0;3;1;0;0;0;3;90;0;0;0;0;2;0;5;10;1;5;0;2;0;0;0;0;0;2;0;136;15;0;0;1;0;0;0;0;2;0;0;0;0;1
7301;0;0;6;0;0;25;10;0;1;4;0;1;0;3;0;2;2;3;3;0;0;0;4;78;0;0;0;3;0;0;4;9;2;0;0;4;0;0;0;4;3;1;2;126;12;0;0;1;0;0;0;0;3;0;0;0;0;5
7355;0;1;11;0;0;7;2;1;1;29;2;2;0;5;0;2;1;1;1;0;0;0;2;65;1;2;0;5;3;0;2;5;0;1;0;0;0;0;0;3;1;2;3;149;10;0;0;1;0;0;0;0;4;0;0;0;0;5
7390;0;0;8;0;0;6;15;4;0;13;2;1;0;1;0;3;2;3;0;0;0;0;0;58;1;2;0;2;3;0;3;6;2;1;0;2;0;0;0;0;4;1;2;236;14;0;0;1;0;0;0;0;5;0;0;0;0;5
7424;0;0;0;0;0;10;6;4;0;10;1;0;0;5;0;2;1;0;4;0;1;0;5;69;0;2;0;2;5;0;1;6;1;2;0;4;0;0;0;4;2;1;4;198;14;0;0;1;0;0;0;0;5;0;0;0;0;5
7457;0;0;12;0;0;16;12;3;2;7;1;0;0;4;0;5;0;2;2;0;0;0;2;52;0;2;0;1;0;0;3;9;1;3;0;5;0;0;0;0;1;2;1;244;20;0;0;1;0;0;0;1;2;0;0;0;0;5
7488;0;0;0;0;0;25;6;1;0;8;0;0;0;1;0;0;0;0;1;0;0;0;4;41;0;1;0;1;1;0;3;7;2;3;1;5;0;0;0;4;2;1;5;252;14;0;0;1;0;0;0;0;5;0;0;1;0;4
7530;0;0;9;0;0;12;5;5;2;14;1;0;0;1;0;5;0;4;2;0;0;0;4;25;0;2;0;4;1;0;1;6;2;1;0;1;0;0;0;5;2;0;4;163;13;0;0;1;0;0;0;0;3;0;1;0;0;2
7545;0;0;3;0;0;11;14;1;0;17;0;0;0;1;0;1;1;3;1;0;0;0;1;68;0;1;0;0;0;0;5;6;2;5;0;5;0;0;0;3;2;0;5;215;13;0;0;1;0;0;0;0;3;0;0;0;0;3
7571;0;0;10;0;0;5;12;1;1;23;1;0;0;5;0;5;0;4;5;0;0;0;1;85;0;0;0;5;0;0;4;8;2;0;0;2;0;0;0;0;3;2;1;206;19;0;0;0;0;0;0;0;0;0;0;0;0;3
7593;0;0;9;0;0;25;7;5;2;11;2;0;0;2;0;0;1;1;1;0;0;0;0;36;0;2;0;3;1;0;5;9;0;5;0;5;0;0;0;0;4;2;1;188;14;0;0;0;0;0;0;0;5;0;0;0;0;2
7650;0;0;5;0;0;12;6;3;1;12;0;0;0;3;2;2;0;0;4;0;0;0;0;42;0;1;0;0;0;0;1;6;1;2;0;0;0;0;0;1;4;0;5;181;11;0;0;0;0;0;0;0;4;0;0;0;0;4
7704;0;0;7;0;0;18;14;0;1;8;0;0;0;3;0;0;2;4;1;0;0;0;0;75;0;2;0;2;2;0;5;10;1;5;0;2;0;0;0;4;0;0;5;166;17;0;0;0;0;0;0;0;2;0;0;0;0;5
7753;0;0;4;0;0;7;8;3;1;16;2;0;0;1;0;1;2;4;0;0;0;0;0;98;0;3;0;3;2;0;3;8;0;0;0;3;0;0;0;0;5;0;3;228;17;0;1;1;0;0;0;0;2;0;0;0;3;3
7802;0;0;0;0;0;17;6;1;1;10;2;0;0;1;0;3;0;5;0;0;0;0;0;115;0;3;0;0;0;0;3;7;0;3;0;4;0;0;0;4;2;0;2;249;11;0;0;0;0;0;0;0;3;0;0;0;0;0
7841;0;0;8;0;0;14;11;2;2;13;0;0;0;3;0;1;1;1;0;1;0;0;0;102;0;0;0;5;0;0;4;7;1;2;0;5;0;0;0;3;2;0;2;213;12;0;0;1;0;0;0;0;5;0;0;0;0;2
7869;0;0;6;0;0;7;2;2;2;31;2;0;0;0;0;4;0;5;0;0;0;0;0;94;0;0;0;1;2;0;1;8;0;0;0;0;0;0;0;1;0;0;4;234;19;0;0;0;0;0;0;0;5;0;0;0;0;3
7907;0;0;7;0;0;22;12;4;1;16;1;0;0;1;0;4;1;1;0;0;0;0;0;86;0;0;0;3;1;0;4;6;2;5;0;2;0;0;0;4;2;0;5;183;19;0;0;1;0;0;0;0;3;0;0;1;0;2
7944;0;0;8;0;0;9;9;0;2;15;1;0;0;2;0;3;1;3;0;0;0;0;0;75;0;0;0;4;0;0;2;9;2;0;0;4;0;0;0;3;1;0;5;175;13;0;0;1;0;0;0;0;3;0;0;0;0;3
8015;0;0;3;0;0;17;2;5;2;16;2;0;0;0;0;3;0;5;0;0;0;0;1;58;0;2;0;4;1;0;5;9;2;5;1;1;0;0;0;5;2;0;1;287;16;0;0;0;1;0;0;0;2;0;0;0;0;2
8088;0;0;6;0;0;16;1;0;2;23;0;0;0;0;0;5;0;4;0;0;0;0;2;36;0;0;0;0;2;0;4;8;2;2;0;4;0;0;0;2;2;0;5;393;20;0;0;0;0;0;1;0;3;0;0;0;0;1
8115;0;0;7;0;0;9;5;3;0;16;1;0;0;5;0;1;0;2;0;0;0;0;4;40;0;0;0;1;1;0;4;7;0;0;0;0;0;0;0;5;4;0;5;208;12;0;0;0;0;0;0;0;5;0;0;0;0;2
8156;0;0;4;0;0;14;11;3;1;20;1;0;0;5;1;0;0;1;0;0;0;0;3;78;0;0;0;1;2;0;4;8;1;1;0;0;0;0;0;3;4;0;5;234;14;0;0;0;0;0;0;0;3;0;0;2;0;1
8193;0;0;1;0;0;10;12;4;1;14;1;0;0;4;1;5;0;5;0;0;0;0;3;74;0;0;0;0;2;1;1;9;2;3;0;2;0;0;0;5;4;0;2;266;10;0;0;1;0;0;0;0;1;0;0;0;0;5
8231;0;0;7;0;0;8;10;0;0;25;1;0;0;1;0;4;0;0;0;0;0;0;5;145;0;0;0;1;2;0;2;5;1;3;0;4;0;0;0;3;3;0;2;253;12;0;0;0;0;0;0;0;3;0;0;0;0;0
8245;0;0;7;0;0;7;1;4;2;29;2;0;0;1;0;3;0;4;0;0;0;1;2;94;0;0;0;4;0;0;5;9;2;2;0;5;0;0;0;1;4;0;4;372;11;0;0;0;0;0;0;0;5;0;0;0;0;2
8294;1;0;3;0;0;2;6;2;1;28;0;0;0;2;0;5;0;1;0;0;0;2;1;75;0;0;0;2;1;0;4;8;2;5;0;0;0;0;0;3;3;0;0;220;17;0;0;1;0;0;0;0;2;0;2;0;0;4
8333;0;0;2;0;0;5;11;3;0;30;1;0;0;4;0;1;0;1;0;0;0;1;4;68;0;0;0;5;0;0;1;5;2;5;0;2;0;0;0;0;5;0;0;329;14;0;0;1;0;0;0;0;5;0;0;0;0;5
8398;0;0;8;0;0;13;14;1;1;16;0;0;0;2;0;3;0;3;0;0;0;2;1;119;0;0;0;5;1;0;0;7;2;4;1;4;0;0;0;0;2;0;3;233;13;0;0;1;0;0;0;0;5;0;0;1;0;5
8453;0;0;6;0;0;8;1;3;0;33;0;0;0;3;0;0;0;4;0;0;0;3;0;23;0;0;0;0;0;0;5;11;1;1;0;0;0;1;0;3;3;0;5;392;20;0;0;1;0;0;0;0;5;0;0;0;1;2
8505;0;0;1;0;0;24;2;2;0;30;1;0;0;5;0;5;0;3;0;0;0;2;4;25;0;0;0;1;2;0;2;10;1;0;0;5;0;0;0;3;2;0;4;325;11;0;0;0;0;0;1;0;2;0;0;0;0;5
8559;0;0;5;0;0;12;4;0;0;23;0;0;0;4;0;5;0;5;0;0;0;2;0;37;0;1;0;2;1;0;3;14;1;4;0;5;0;1;0;4;3;0;5;382;16;0;0;0;0;0;0;0;1;0;0;0;0;5
8646;0;1;5;0;0;24;0;3;1;31;2;0;0;5;0;4;0;2;0;0;0;2;0;48;0;0;0;1;2;0;4;9;1;4;0;0;0;0;0;0;4;0;3;340;16;0;0;1;0;0;1;0;2;0;0;0;0;5
8710;0;0;6;0;0;9;0;0;2;22;1;0;0;0;0;2;0;5;0;0;0;1;0;103;0;0;0;2;0;0;2;15;2;0;0;0;0;0;0;1;3;0;0;333;20;0;1;1;0;0;1;0;2;0;0;0;0;3
8759;0;0;5;0;0;6;1;4;2;29;0;0;0;3;0;0;0;0;0;0;0;1;0;75;0;0;0;4;1;0;5;8;1;4;0;2;0;1;0;4;3;0;1;426;12;0;0;1;0;0;1;0;4;0;0;0;0;0
8839;0;0;8;0;0;19;2;5;1;23;2;1;0;2;0;4;0;1;0;0;0;1;0;97;0;0;0;1;0;0;1;13;0;0;0;4;0;0;0;2;0;0;5;438;15;0;0;0;0;0;0;0;0;0;0;1;0;2
8888;0;0;0;0;0;12;3;4;1;29;2;0;0;2;2;4;0;3;0;0;0;1;0;65;0;0;0;1;0;0;5;18;2;5;0;1;0;0;0;1;4;0;1;335;20;0;0;1;0;0;1;0;2;0;0;0;0;3
8923;0;0;3;0;0;6;3;5;2;17;1;0;0;4;0;4;0;2;0;0;0;1;0;50;0;0;0;1;0;0;2;9;1;2;0;3;0;1;1;4;3;0;3;472;18;0;0;0;0;0;0;0;5;0;0;0;0;2
8998;0;0;8;0;0;23;4;0;1;24;0;0;0;0;0;3;0;1;0;0;0;2;0;73;0;0;0;4;2;0;0;16;1;1;0;3;0;2;1;3;5;0;3;349;13;0;0;0;0;0;0;0;5;0;0;0;0;1
9053;0;0;4;0;0;7;3;1;1;28;1;0;0;3;0;0;0;2;0;0;0;1;2;36;0;0;0;1;0;0;2;19;0;5;0;5;0;1;2;0;2;0;3;310;18;0;0;1;0;0;0;0;5;0;0;0;0;4
9088;2;0;5;0;0;17;3;1;0;17;1;0;0;2;0;4;0;5;0;0;0;2;1;105;0;0;0;3;0;0;3;5;0;5;0;0;0;2;1;2;1;0;4;341;11;0;0;1;0;0;0;0;0;0;0;1;0;2
9147;0;0;2;0;1;21;5;2;1;26;0;0;0;0;0;5;0;2;0;0;0;1;4;33;0;0;0;4;2;0;1;10;2;5;0;2;0;0;1;3;4;0;2;308;16;0;0;1;0;0;0;0;5;0;0;0;0;0
9203;0;0;8;0;0;17;1;4;2;21;2;0;0;3;1;3;0;3;0;1;0;2;3;58;0;0;0;5;2;0;1;8;1;5;0;2;0;0;1;4;1;0;2;467;14;0;0;1;0;0;0;0;1;0;0;1;0;5
9295;0;0;0;0;0;24;2;1;1;15;2;0;0;0;0;3;1;0;0;0;0;0;4;29;0;0;0;3;0;0;4;17;1;1;0;0;0;0;1;2;0;0;0;343;48;0;0;1;0;0;0;0;1;0;0;0;0;1
9348;0;0;3;0;0;13;3;5;1;31;1;1;0;3;0;0;1;3;0;0;0;0;2;93;0;2;0;5;2;0;5;10;0;3;0;0;0;0;1;5;0;0;1;471;44;0;0;0;0;0;0;0;0;0;0;1;0;4
9395;0;0;5;0;0;12;3;5;1;25;2;0;0;2;0;1;0;0;0;0;0;0;3;82;0;0;0;4;2;0;3;9;1;0;0;1;0;0;1;5;4;0;5;296;34;0;2;0;0;0;1;0;3;0;0;0;0;1
9457;0;0;7;0;0;17;4;5;0;28;0;0;0;1;0;2;1;3;0;0;0;0;3;85;0;0;0;0;2;0;2;7;1;1;0;0;0;0;1;0;1;0;3;445;36;0;0;0;0;0;0;0;2;0;0;0;3;4
9518;0;0;2;0;0;8;4;4;0;17;2;0;0;3;0;2;0;4;0;0;0;0;4;98;0;0;0;0;1;0;5;12;0;1;0;4;0;0;2;0;4;0;4;387;49;0;0;0;0;0;0;0;1;0;0;0;0;0
9583;0;2;7;0;0;15;5;1;0;30;1;0;0;2;0;5;1;2;0;0;0;0;3;107;0;0;0;4;0;0;1;0;1;2;0;5;0;0;1;0;5;0;3;344;30;0;0;0;0;0;0;0;1;0;0;0;0;5
9614;0;0;1;0;0;22;0;2;2;30;0;0;0;4;0;2;2;4;0;0;0;0;2;89;0;0;0;4;0;0;4;3;0;2;0;5;0;0;2;1;5;0;1;377;44;0;0;0;0;0;0;0;5;0;0;2;0;5
9670;0;0;1;0;0;22;2;1;1;37;2;0;0;4;0;2;3;5;0;0;0;0;2;68;0;0;0;1;1;0;2;9;0;0;0;2;0;0;0;2;10;0;1;299;36;0;0;1;0;0;0;0;2;0;0;1;0;4
9725;0;0;1;0;0;19;1;4;2;20;2;0;0;3;0;4;1;3;0;0;0;0;2;86;0;0;0;1;1;0;3;4;1;4;0;4;0;0;1;2;2;0;6;298;36;0;0;1;0;0;0;0;1;0;0;0;0;4
9814;0;0;8;0;0;10;1;2;2;22;1;0;0;0;2;0;2;3;0;0;0;0;1;75;0;0;0;3;2;0;0;10;1;3;0;3;0;0;1;4;5;0;4;291;36;0;0;0;0;0;0;0;3;0;0;1;0;4
9852;0;0;7;0;0;6;0;3;0;19;2;0;0;3;0;4;1;6;0;0;0;0;5;198;0;0;0;2;2;0;0;0;2;1;0;2;0;0;1;4;8;0;2;141;37;0;0;1;0;0;0;0;3;0;0;0;0;2
9868;0;0;7;0;0;2;1;1;2;28;0;1;0;1;1;1;2;6;0;0;0;0;0;58;0;0;0;1;0;0;0;10;1;1;0;1;0;0;1;0;6;0;4;161;50;0;0;1;0;0;0;0;5;0;0;0;0;2
9963;0;0;6;0;0;11;2;8;2;37;0;2;0;3;1;7;2;0;0;0;0;0;0;78;0;0;0;4;0;0;4;5;1;4;0;3;0;0;1;3;1;0;0;189;50;0;0;1;0;0;0;0;1;0;1;0;0;4
10036;0;0;7;0;0;9;1;8;1;30;2;0;0;4;2;19;1;4;0;0;0;0;0;45;0;0;0;1;1;0;3;2;2;4;1;4;0;0;1;0;8;0;4;125;38;0;0;0;0;0;0;0;5;0;0;0;0;1
10101;0;0;0;0;0;9;3;20;0;30;1;0;0;5;1;18;0;3;0;0;0;0;0;100;0;0;0;3;0;0;2;6;1;3;0;4;0;0;1;5;7;0;4;132;35;0;0;1;0;0;0;0;0;0;0;0;0;5
10164;0;0;8;0;1;4;4;5;0;43;1;0;0;4;2;15;0;2;0;0;0;1;0;31;0;1;0;0;3;0;5;10;0;1;0;2;0;0;1;1;9;0;5;193;50;0;0;0;0;0;0;0;3;0;0;0;0;3
10224;0;0;8;0;0;4;0;10;0;43;0;0;0;0;1;1;0;4;0;0;0;0;0;54;0;0;0;4;1;0;1;10;0;0;0;3;0;0;2;2;5;0;2;204;44;0;0;0;0;0;1;0;4;0;0;1;0;1
10276;0;0;6;0;0;3;0;13;2;36;0;0;0;1;0;7;0;0;0;0;0;0;2;67;0;0;0;0;5;0;0;9;0;3;0;4;0;0;1;3;0;0;3;207;39;0;0;0;0;0;0;0;3;0;0;0;0;2
10326;2;0;1;0;0;1;0;8;0;39;2;0;0;4;0;4;0;0;0;0;0;0;1;94;0;0;0;3;2;0;1;0;0;0;0;3;0;0;2;5;8;0;3;354;47;0;1;0;0;0;0;0;3;0;0;0;0;5
10381;0;0;8;0;0;13;1;9;1;45;0;0;0;0;0;13;0;1;0;0;0;0;0;98;0;0;0;5;2;0;3;8;1;2;0;4;0;0;1;0;9;0;4;258;30;0;0;1;0;0;0;0;1;0;0;0;0;1
10471;0;0;4;0;0;3;3;4;1;44;2;0;0;5;0;12;0;3;0;0;0;0;5;114;0;0;0;5;5;0;4;6;2;0;0;0;0;0;1;5;7;0;2;444;30;0;0;0;0;0;0;0;5;0;0;0;2;4
10545;0;0;7;0;0;14;5;15;0;39;1;0;0;3;0;30;0;1;0;0;0;0;5;51;0;0;0;3;0;2;0;2;2;2;0;4;0;0;2;3;9;0;5;234;41;0;0;0;0;0;0;0;4;0;0;0;1;4
10569;0;0;2;0;0;15;2;19;1;44;1;0;0;3;0;17;0;2;0;0;2;0;2;70;0;0;0;2;0;0;5;4;0;4;0;0;0;0;0;0;10;0;5;455;38;0;0;1;1;0;0;0;1;0;0;0;0;0
10588;0;1;3;0;0;9;5;3;2;32;2;0;0;3;1;22;0;3;0;0;0;0;2;72;0;0;0;3;0;0;1;8;2;4;0;2;0;0;0;1;3;0;2;152;38;0;0;1;0;0;0;0;5;0;0;0;0;0
10626;0;0;7;0;0;9;5;9;0;42;0;0;0;1;0;41;0;0;0;0;0;0;3;102;0;0;0;4;0;0;3;6;1;2;0;5;0;0;0;3;7;0;2;201;45;0;0;0;0;0;0;1;4;0;0;0;0;0
10643;0;0;3;0;0;0;0;14;0;28;0;0;0;5;0;44;0;0;0;0;0;0;2;28;0;0;0;5;0;0;3;4;2;3;0;1;0;0;0;1;4;0;5;301;44;0;0;1;0;0;0;0;5;0;0;0;0;2
10668;0;0;4;0;0;0;1;14;1;34;1;0;0;5;2;15;0;5;0;0;0;0;3;24;0;2;0;1;0;0;3;8;1;1;0;1;0;0;0;4;7;0;3;441;43;0;0;1;0;0;0;0;3;0;0;2;0;5
10717;0;0;3;0;0;0;5;20;1;34;0;2;0;2;0;16;0;3;0;0;0;0;1;60;0;0;0;2;0;0;3;0;1;1;0;0;0;0;0;5;4;0;0;382;42;0;0;0;0;0;0;0;0;0;0;1;0;5
10768;0;0;1;0;0;4;2;18;1;40;0;1;0;3;0;45;0;2;0;0;0;0;3;8;0;0;0;2;0;0;5;1;0;3;0;3;0;0;0;1;3;0;5;205;32;0;0;1;0;0;0;1;0;0;0;0;0;5
10779;0;0;7;0;0;13;1;19;0;44;2;0;0;4;0;40;0;0;0;0;0;0;0;96;0;0;0;0;0;0;4;4;0;3;0;2;0;0;0;1;2;0;5;244;34;0;0;1;0;0;0;0;2;0;0;0;0;2
10800;0;0;5;0;1;2;3;13;0;36;1;0;0;5;0;45;0;3;0;0;0;0;4;87;0;0;0;4;0;0;3;5;2;1;0;1;0;0;0;4;1;0;2;275;42;0;0;0;0;0;0;0;0;0;0;0;0;2
10818;0;0;0;0;0;1;2;4;1;42;1;0;0;0;0;35;0;5;0;0;0;0;0;121;0;0;0;2;0;0;4;15;1;1;0;3;0;0;0;3;1;0;3;427;39;0;2;0;0;0;0;0;3;0;0;0;0;5
10848;0;0;1;0;0;0;0;4;1;25;1;0;0;4;0;21;0;4;0;0;0;0;4;124;0;0;0;4;0;0;0;15;2;4;0;4;0;0;0;2;2;0;1;280;32;0;0;1;0;0;0;0;3;0;0;0;0;3
10863;0;0;0;0;0;1;2;19;0;24;2;0;0;2;0;22;0;1;0;0;0;0;0;76;0;0;0;1;0;0;1;20;0;3;0;3;0;0;0;2;4;0;0;145;33;0;0;1;0;0;0;0;3;0;0;0;0;1
10890;0;0;6;0;0;1;3;0;1;36;0;0;0;0;0;27;0;0;0;0;0;0;0;58;0;0;0;2;0;0;1;15;1;2;0;5;0;0;0;0;4;0;2;296;30;0;0;1;0;0;0;0;3;0;0;0;0;3
10914;0;0;6;0;0;1;0;8;2;44;1;0;0;3;2;26;0;5;0;0;0;0;4;65;0;0;0;2;0;0;3;18;2;3;0;1;0;0;0;5;4;0;5;424;33;0;0;0;0;0;0;0;4;0;0;0;0;2
10943;0;0;7;0;0;2;0;4;0;45;1;0;0;4;1;23;0;5;0;0;0;0;1;48;0;0;0;1;0;0;2;16;2;3;0;3;0;0;0;2;2;0;0;260;32;0;0;1;0;0;0;0;5;0;0;0;0;1
10979;1;0;7;0;0;2;2;29;0;31;0;0;0;3;0;37;0;5;0;0;0;0;0;32;0;0;0;1;0;0;0;17;2;3;0;4;0;0;1;0;1;0;4;139;49;0;0;1;0;0;0;0;2;0;0;0;0;0
11018;0;0;3;0;0;0;4;30;1;33;1;0;0;0;0;38;0;2;0;0;2;0;0;14;0;0;0;2;0;0;1;15;2;0;1;5;0;0;0;5;4;0;4;306;48;0;1;0;0;0;0;0;2;0;0;0;0;3
11071;0;0;3;0;0;1;0;27;1;34;1;0;0;0;0;44;0;0;0;0;0;0;0;4;0;0;0;4;0;0;1;15;1;2;0;5;1;0;0;0;0;0;4;414;43;0;0;0;0;0;0;0;1;0;0;0;0;0
11129;0;2;8;0;0;2;4;20;2;46;1;0;0;0;0;24;0;3;0;0;0;0;0;21;0;0;0;4;0;0;2;18;1;2;2;1;0;0;0;5;4;0;3;419;40;0;0;0;0;0;0;0;2;0;0;1;0;1
11196;0;0;3;0;0;1;1;30;2;33;0;0;0;4;0;15;0;0;0;0;0;0;0;17;0;0;0;0;0;1;0;16;0;5;0;4;0;0;0;2;2;0;2;244;45;0;1;0;0;0;0;0;4;0;0;0;0;2
11226;0;0;5;0;0;1;4;26;0;36;2;0;0;4;0;31;0;3;0;0;0;0;0;8;0;0;0;3;0;0;0;18;1;0;0;1;0;0;0;3;2;0;5;307;44;0;0;0;0;0;0;0;2;0;0;0;0;5
11323;0;0;1;0;0;0;2;26;1;36;1;0;0;2;0;17;0;0;0;0;0;0;0;14;0;0;0;4;0;0;5;16;2;0;0;0;0;0;0;2;0;0;4;213;41;0;0;0;0;0;0;0;4;0;0;0;0;3
11431;1;0;6;0;0;2;0;28;1;34;2;0;0;1;0;33;0;3;0;0;0;0;0;7;0;0;0;4;0;0;2;20;2;4;0;5;0;0;0;4;2;0;1;192;41;0;0;0;0;0;0;0;5;0;0;0;0;0
11593;2;0;7;0;0;1;0;34;0;35;0;0;0;2;0;45;0;3;0;0;0;0;0;6;0;0;0;1;0;0;2;18;0;2;0;1;0;0;0;3;0;0;0;297;50;0;0;0;0;0;0;0;3;0;0;0;0;4
11698;1;0;3;0;0;0;1;21;2;33;0;0;0;2;0;23;0;5;0;0;0;0;0;10;0;0;0;1;0;0;3;10;1;4;0;2;0;0;0;1;1;0;0;239;31;0;0;0;0;0;0;0;0;0;0;0;0;1
11792;3;0;1;0;0;0;5;23;2;33;0;3;0;3;0;44;0;4;0;0;0;0;0;5;1;0;0;4;0;0;4;9;2;1;0;4;0;0;0;2;0;0;0;196;37;0;0;0;0;0;0;0;2;0;0;0;0;4
11877;0;0;3;0;0;0;1;33;1;32;2;0;0;5;0;29;0;1;0;0;0;2;0;17;4;0;0;5;0;0;1;8;1;2;0;5;0;0;0;4;0;0;2;169;33;0;1;0;0;0;0;0;2;0;0;0;0;2
11992;0;0;5;0;0;0;0;30;1;39;0;0;0;1;0;37;0;4;0;0;0;0;0;14;2;0;0;0;0;0;1;11;1;5;0;2;0;0;0;5;1;0;3;134;48;0;0;0;0;0;0;0;2;0;0;0;0;2
12158;0;0;6;0;1;1;1;23;2;34;2;0;0;5;0;37;0;3;0;0;0;0;0;10;1;0;0;2;0;0;2;15;0;3;0;5;0;0;0;0;3;0;5;233;39;0;0;0;0;0;0;0;5;0;0;0;0;2
12260;0;0;8;0;0;2;2;25;1;28;1;0;0;3;0;34;0;3;0;0;0;0;0;9;4;0;0;2;0;0;3;13;0;0;0;3;0;0;0;4;3;0;5;290;39;0;0;0;0;0;0;0;0;0;0;0;1;5
12315;0;0;14;0;0;2;0;10;0;27;2;0;0;1;0;33;0;1;0;0;0;0;0;21;5;0;0;4;0;0;1;7;0;3;0;1;0;0;0;4;2;0;5;305;31;0;0;0;0;0;0;0;1;0;0;0;0;3
12389;0;0;15;0;0;1;2;12;0;30;0;0;0;3;0;19;0;3;0;0;0;0;0;12;2;1;0;3;0;0;2;12;2;5;0;5;0;0;0;3;2;0;4;373;44;0;0;0;0;0;0;0;1;0;0;0;0;3
12463;0;0;8;0;0;0;3;12;0;42;0;0;0;3;0;21;0;2;0;0;0;0;0;10;2;0;0;0;0;0;4;7;0;0;0;2;0;0;0;0;2;0;3;373;35;0;0;0;0;0;0;0;3;0;0;0;0;2
12556;0;0;11;0;0;0;2;9;1;31;1;1;0;5;1;34;0;0;0;0;0;0;0;12;1;0;0;0;0;0;4;6;0;2;0;0;0;0;0;4;3;0;3;355;44;0;0;0;0;0;0;0;0;0;0;0;0;5
12615;1;0;12;0;0;2;3;32;2;36;1;0;0;5;1;29;0;0;0;0;0;0;0;9;1;0;0;4;0;2;1;8;1;2;0;0;0;0;0;2;0;0;2;195;17;0;0;0;0;0;0;0;4;0;0;0;0;1
12695;0;0;6;0;0;0;0;8;1;28;2;2;0;4;0;33;0;2;0;0;0;0;0;18;2;0;0;4;0;0;3;12;0;5;0;3;0;0;0;5;1;0;1;136;25;0;0;0;0;0;0;0;4;0;0;0;0;1
12759;0;0;11;0;0;1;4;11;1;30;2;0;0;2;0;27;0;1;0;0;0;0;0;15;1;0;0;5;0;0;5;6;0;5;0;1;0;0;0;3;4;0;0;367;24;0;0;0;0;0;0;0;1;0;0;0;0;1
12802;0;0;18;0;0;2;5;12;0;34;2;0;0;0;0;17;0;2;0;0;0;0;0;3;0;0;0;4;0;0;5;12;2;1;0;5;0;0;0;5;1;0;0;278;21;0;0;0;0;0;0;0;0;0;0;1;0;0
12867;0;0;7;0;0;1;4;5;1;42;2;0;0;5;0;34;0;3;0;0;0;0;0;11;1;0;0;4;0;0;2;14;0;0;0;5;0;0;0;3;2;0;0;297;12;0;0;0;0;0;0;0;4;0;0;0;0;5
12883;0;0;15;0;0;1;4;9;0;36;1;0;0;4;0;25;0;3;0;0;0;0;0;17;0;0;0;1;0;0;4;13;0;4;0;0;0;0;0;0;0;0;0;360;30;0;0;0;0;0;0;0;4;0;0;0;0;1
12902;0;0;7;0;0;0;5;10;1;33;0;0;0;0;0;40;0;3;0;0;0;0;2;8;0;0;0;3;0;0;0;10;0;5;0;0;0;0;0;5;1;0;0;372;12;0;0;0;0;0;0;0;4;0;0;0;0;3
12924;0;0;9;0;0;2;3;7;1;38;0;1;0;4;0;44;0;1;0;0;0;0;1;10;0;0;0;0;0;0;4;19;2;2;0;0;0;0;1;2;4;0;0;451;20;0;0;0;0;0;0;0;2;0;0;0;0;4
12947;0;0;16;0;0;0;1;8;1;45;2;0;0;3;0;28;0;1;0;0;0;0;4;6;0;0;0;2;0;0;1;18;0;0;0;2;0;0;0;4;2;0;0;417;18;0;0;0;0;0;0;0;1;0;0;0;0;5
12970;0;0;8;0;0;1;0;10;2;34;2;0;0;0;0;15;0;2;0;0;0;0;0;8;0;0;0;0;0;0;5;18;0;5;0;2;0;0;0;1;4;0;0;424;20;0;0;0;0;0;0;0;0;0;0;0;0;2
12990;0;0;17;0;0;0;5;11;1;27;0;0;0;1;0;32;0;1;0;0;0;1;4;11;0;0;0;0;0;0;2;18;1;1;0;2;0;0;0;2;0;0;1;218;28;0;0;0;0;0;0;1;0;0;0;0;0;5
13008;0;0;13;0;0;0;0;16;1;22;2;0;0;1;0;43;0;0;0;0;0;0;3;26;0;0;0;2;0;0;3;17;0;2;0;5;0;0;0;2;2;0;0;150;10;0;0;0;0;0;0;0;2;0;0;0;0;5
13027;0;0;1;0;0;0;4;8;1;10;2;3;0;3;0;23;0;4;0;0;0;0;1;8;0;0;0;0;0;0;1;17;0;5;0;5;0;0;0;5;3;0;0;316;22;0;0;0;0;0;0;0;4;0;0;0;0;2
13042;0;0;5;0;0;0;2;9;2;23;0;0;0;1;2;103;0;1;0;0;0;0;1;19;0;1;0;2;0;0;4;15;2;0;0;3;0;0;0;3;2;0;0;419;24;0;0;0;0;0;0;0;1;0;0;0;0;5
13055;0;0;6;0;0;1;5;12;1;15;0;0;0;4;0;105;0;1;0;0;0;0;7;5;0;0;0;5;0;0;5;19;2;0;0;5;0;0;0;5;3;0;0;164;4;0;0;0;0;0;0;2;1;0;0;0;0;1
13063;0;0;5;0;0;1;2;11;1;34;2;0;0;1;0;125;0;5;0;0;0;0;10;4;0;0;0;2;0;1;4;20;2;5;0;2;0;0;0;2;0;0;0;367;0;0;0;0;0;0;0;0;2;0;0;1;0;2
13073;0;0;4;0;0;0;4;8;0;22;0;0;0;4;0;131;0;5;0;0;0;0;5;9;0;0;0;3;0;0;1;15;2;4;0;4;0;0;0;2;2;0;1;186;0;0;0;0;0;0;0;0;0;0;0;0;0;3
13082;0;0;3;0;0;2;3;9;0;17;0;0;0;2;0;134;0;5;0;0;0;0;10;11;0;0;0;5;0;0;1;19;1;4;0;3;0;0;0;2;0;0;0;386;0;0;0;0;0;0;0;2;0;0;0;0;0;2
13092;0;2;4;0;0;0;2;2;2;34;2;0;0;1;0;136;0;4;0;0;0;0;9;9;0;0;0;2;0;0;4;18;0;0;0;0;0;0;0;4;3;0;0;224;6;0;0;0;0;0;0;0;1;0;0;0;0;4
13104;0;0;0;0;0;1;3;3;0;11;1;0;0;3;0;118;0;0;0;0;0;0;6;10;0;0;0;0;0;0;5;17;0;5;0;0;0;0;0;2;2;0;0;137;1;0;0;0;0;0;0;0;2;0;0;0;0;3
13116;0;0;1;0;0;1;0;8;0;11;2;0;0;5;0;136;0;3;0;0;0;0;6;16;0;0;0;3;0;0;0;16;2;1;0;4;0;0;0;2;2;0;0;353;2;0;0;0;0;0;0;0;0;0;0;0;0;5
13131;0;0;1;0;0;2;4;6;1;27;1;0;0;5;1;110;0;5;0;0;0;0;8;8;0;0;0;4;0;0;5;17;0;3;0;3;0;0;0;5;0;0;0;231;8;0;0;0;0;0;0;0;4;0;0;0;0;3
13151;0;0;1;0;1;1;3;1;0;33;2;0;0;3;1;120;0;2;0;0;0;1;9;7;0;0;0;3;0;0;5;15;2;3;0;0;0;0;0;2;1;0;0;373;4;0;0;0;0;0;0;0;1;0;0;0;0;2
13165;0;0;3;0;0;2;2;6;1;19;2;1;0;5;0;106;0;3;0;0;0;0;7;11;0;0;0;4;0;0;4;16;2;2;0;1;0;0;0;3;4;0;0;183;6;0;0;0;0;0;0;1;5;0;0;0;0;0
13178;0;0;5;0;0;2;3;8;0;17;2;0;0;4;0;131;0;5;0;0;0;0;6;9;0;0;0;2;0;0;3;16;1;1;0;3;0;0;0;3;3;0;0;425;2;0;0;0;0;0;0;0;4;0;0;1;0;5
13205;0;0;6;0;0;1;4;19;2;17;0;0;0;3;0;133;0;4;0;0;0;0;10;18;0;0;0;5;0;0;0;19;0;4;0;1;0;0;0;3;1;0;0;248;6;0;0;0;0;0;0;0;2;0;0;0;0;0
13234;0;0;4;0;0;0;5;20;1;12;1;1;0;5;0;99;0;0;0;0;0;0;7;14;0;0;0;5;0;0;2;17;1;0;0;0;0;0;0;3;2;0;0;392;4;0;0;0;0;0;0;0;1;0;0;0;0;4
13264;0;0;3;0;0;0;0;16;0;19;1;0;0;0;0;128;0;4;0;0;0;0;5;7;0;0;0;2;0;0;0;17;1;5;0;2;0;0;0;2;1;0;0;446;0;0;1;0;0;0;0;0;2;0;0;0;0;5
13286;0;0;0;0;0;2;3;5;2;12;1;0;0;4;0;108;0;4;0;0;0;0;7;5;0;0;0;1;0;0;1;16;0;4;0;3;0;0;0;5;2;0;0;450;1;0;0;0;0;0;0;0;3;0;0;0;0;0
13302;0;0;4;0;0;0;0;21;0;26;0;0;0;0;0;144;0;1;0;0;0;0;6;8;0;0;0;5;0;0;3;15;2;0;0;0;0;0;0;2;3;0;0;330;4;0;0;0;0;0;0;0;4;0;0;0;0;5
13324;0;0;3;0;0;1;4;14;1;25;0;0;0;5;0;90;0;4;0;0;0;0;6;10;0;0;0;3;0;0;4;17;2;2;0;5;0;0;0;1;0;0;0;225;2;0;0;0;0;0;0;0;3;0;0;0;0;5
13359;0;0;0;0;0;1;0;11;1;34;0;0;0;0;0;127;0;4;0;0;0;0;10;8;0;0;0;5;0;0;3;19;2;5;0;0;0;0;0;3;3;0;0;319;3;0;0;0;0;0;0;0;1;0;0;0;0;3
13379;0;2;0;0;0;1;2;8;0;32;1;2;0;5;0;101;0;4;0;0;0;2;5;5;0;0;0;1;0;0;0;19;2;0;0;1;0;0;0;3;4;0;0;193;2;0;0;0;0;0;0;0;5;0;0;0;0;3
13397;0;0;3;0;0;0;0;17;0;34;0;0;0;0;0;111;0;1;0;0;0;0;5;15;1;0;0;5;0;0;4;15;0;1;0;5;0;0;0;0;0;0;0;406;0;0;0;0;0;0;0;0;2;0;1;1;0;2
13425;0;0;4;0;0;2;5;18;1;21;2;0;0;3;0;94;0;2;0;0;0;0;6;9;1;1;0;3;0;1;4;15;0;3;0;1;0;0;0;3;0;0;0;332;0;0;0;0;0;0;0;0;3;0;0;0;0;2
13447;0;0;2;0;0;2;1;15;1;23;0;0;0;3;0;108;0;5;0;0;0;0;5;14;0;0;0;2;0;0;1;16;0;1;0;0;0;0;0;0;1;0;0;301;0;0;0;0;0;0;0;0;0;0;0;0;0;4
13474;0;0;1;0;0;2;2;12;2;28;1;0;0;3;1;98;0;2;0;0;0;0;9;17;0;0;0;5;0;0;2;17;2;1;0;0;0;0;0;2;4;0;0;413;0;0;0;0;0;0;0;0;2;0;0;0;0;5
13490;0;0;4;0;0;2;3;0;1;61;1;0;0;2;0;97;0;1;0;0;0;0;10;21;0;0;0;1;0;0;4;17;0;4;0;2;0;0;0;3;4;0;0;410;0;0;0;0;0;0;0;0;4;0;0;0;0;5
13518;0;0;4;0;0;1;2;5;0;60;0;0;0;1;0;125;0;4;0;0;0;0;8;0;0;0;0;2;0;0;0;18;1;2;0;5;0;0;0;4;4;0;0;319;0;0;0;0;0;0;0;0;2;0;0;0;0;1
13574;0;0;3;0;0;0;2;17;2;16;1;0;0;0;0;108;0;2;0;0;0;0;5;0;0;0;0;2;0;0;3;19;0;5;0;2;0;0;0;1;3;0;0;411;0;0;0;0;0;0;0;0;4;0;0;0;0;3
13700;0;2;0;0;1;0;2;21;0;43;1;0;0;0;0;92;0;1;0;0;0;0;8;0;0;0;0;2;0;0;4;20;1;0;0;4;0;0;0;1;1;0;0;349;0;0;0;0;0;0;0;0;3;0;0;0;0;1
